样品名称,CAS 编号,组分 RT,化合物名称,中文名,香韵,FEMA单体编号,匹配因子,分子式,相对含量mg/kg,相对含量mg/kg
DC弗吉尼亚烟草烟油,4940-11-8,36.6336166666667,Ethyl maltol,乙基麦芽酚,甜的，焦糖，果酱，草莓，棉花，糖果,3487,96.6660809317126,C7H8O3,15342.25356,15342.25356
DC弗吉尼亚烟草烟油,65-85-0,40.6078,Benzoic acid,苯甲酸,香膏，尿液,2131,98.2710518623206,C7H6O2,13105.83393,13105.83393
DC弗吉尼亚烟草烟油,80-71-7,25.2251333333333,2-Cyclopenten-1-one, 2-hydroxy-3-methyl-,甲基环戊烯醇酮,焦糖，枫树,2700,98.2119902144972,C6H8O2,13103.13193,13103.13193
DC弗吉尼亚烟草烟油,51115-67-4,42.7393166666667,N,2,3-Trimethyl-2-isopropylbutanamide ,WS-23,凉，薄荷醇,3804,82.5645102063214,C10H21NO,11023.54878,11023.54878
DC弗吉尼亚烟草烟油,54-11-5,47.1985295658379,Pyridine, 3-(1-methyl-2-pyrrolidinyl)-, (S)-,尼古丁,,,0,99.1898484050963,C10H14N2,8113.899671,8113.899671
DC弗吉尼亚烟草烟油,121-33-5,49.8661174770691,Vanillin,香兰素; 香草醛; 3-甲氧基-4-羟基苯甲醛,甜的，香草，奶油味，巧克力,3107,99.2058819689046,C8H8O3,4099.742411,4099.742411
DC弗吉尼亚烟草烟油,54-11-5,46.6103264061446,Pyridine, 3-(1-methyl-2-pyrrolidinyl)-, (S)-,尼古丁,,,0,98.6824674965346,C10H14N2,3596.974199,3596.974199
DC弗吉尼亚烟草烟油,4883-60-7,32.2322097342698,2-Hydroxy-3,5,5-trimethyl-cyclohex-2-enone,2-羟基-3,5,5-三甲基-2-环己烯-1-酮,酚类，木质，坚果，烟草，香料的,3459,97.9832300660426,C9H14O2,2783.533922,2783.533922
DC弗吉尼亚烟草烟油,39711-79-0,58.3962158641633,Cyclohexanecarboxamide, N-ethyl-5-methyl-2-(1-methylethyl)-,WS-3,薄荷,3455,99.109523090201,C13H25NO,1461.771462,1461.771462
DC弗吉尼亚烟草烟油,89-78-1,34.457700516539,dl-Menthol,薄荷脑,胡椒薄荷，凉，木质,2665,99.4555888200645,C10H20O,1363.295541,1363.295541
DC弗吉尼亚烟草烟油,14667-55-1,21.6583808090943,Pyrazine, trimethyl-,2,3,5-三甲基吡嗪,坚果，可可，马铃薯，烤的，花生，榛子，霉味,3244,98.2579180656075,C7H10N2,1095.112227,1095.112227
DC弗吉尼亚烟草烟油,22047-25-2,23.0890967373218,Acetylpyrazine,2-乙酰基吡嗪,爆米花，坚果，玉米，面包，巧克力，榛子，咖啡,3126,99.2709961864176,C6H6N2O,1003.161511,1003.161511
DC弗吉尼亚烟草烟油,5910-89-4,16.2025483266621,Pyrazine, 2,3-dimethyl- ,2,3-二甲基吡嗪,坚果，可可，花生，黄油，咖啡，胡桃，焦糖，烤的,3271,99.0972435761408,C6H8N2,748.0409183,748.0409183
DC弗吉尼亚烟草烟油,7220-78-2,71.3443300634843,4,8,13-Cyclotetradecatriene-1,3-diol, 1,5,9-trimethyl-12-(1-methylethyl)-,西柏三烯二醇,,,,93.0573871326407,C20H34O2,505.0423379,505.0423379
DC弗吉尼亚烟草烟油,3658-77-3,28.410928758691,2,5-Dimethyl-4-hydroxy-3(2H)-furanone ,2,5-二甲基-4-羟基-3(2H)-呋喃酮,甜的，棉花，糖果，焦糖，糖,3174,96.3216074684314,C6H8O3,391.9394959,391.9394959
DC弗吉尼亚烟草烟油,1124-11-4,27.6090119066503,Pyrazine, tetramethyl-,2,3,5,6-四甲基吡嗪,坚果，霉味，巧克力，咖啡，猪油，烧焦的,3237,99.0341074985109,C8H12N2,305.0467269,305.0467269
DC弗吉尼亚烟草烟油,87008-98-8,46.6138437596322,3(2H)-Pyridazinone, 6-chloro-2-(2-deoxy-.beta.-D-erythro-pentofuranosyl)-5-methoxy- ,#N/A,,,,,88.2941656407884,C10H13ClN2O5,301.100752,301.100752
DC弗吉尼亚烟草烟油,999068-47-8,42.4838884379892,Cruentol [(4S,5S)-5-methyl-4-octanol] ,#N/A,,,,,91.9548158508347,C9H20O,285.8541887,285.8541887
DC弗吉尼亚烟草烟油,91652-56-1,42.4724279632309,Cyclotridecanone, 2-nitro- ,#N/A,,,,,85.9430797856254,C13H23NO3,283.8949988,283.8949988
DC弗吉尼亚烟草烟油,81447-75-8,47.1936340927244,3,6-Methanocyclopentapyrazol-4(3H)-one, 3a,5,6,6a-tetrahydro- ,#N/A,,,,,80.584440313659,C7H8N2O,267.0198953,267.0198953
DC弗吉尼亚烟草烟油,68527-74-2,60.8845859882805,Vanillin propylene glycol acetal,香兰素丙二醇缩醛,甜的，香草，巧克力，奶油味，奶制品,3905,97.9961135333935,C11H14O4,225.2533564,225.2533564
DC弗吉尼亚烟草烟油,57-10-3,68.7309438605786,n-Hexadecanoic acid,棕榈酸； 十六酸； 软脂酸,蜡质，脂肪,2832,97.1468488006063,C16H32O2,223.2953106,223.2953106
DC弗吉尼亚烟草烟油,1000495-78-6,71.9891810100921,(E)-5-((1S,5R,8aR)-5-Formyl-5,8a-dimethyl-2-methylenedecahydronaphthalen-1-yl)-3-methylpent-2-en-1-yl acetate,#N/A,,,,,81.8759802893676,C22H34O3,214.7257693,214.7257693
DC弗吉尼亚烟草烟油,38022-97-8,71.9879145520418,Ageratriol,#N/A,,,,,84.7994527353275,C15H24O3,173.2765859,173.2765859
DC弗吉尼亚烟草烟油,68527-74-2,61.064984977876,Vanillin propylene glycol acetal,香兰素丙二醇缩醛,甜的，香草，巧克力，奶油味，奶制品,3905,98.2187287289684,C11H14O4,172.5288099,172.5288099
DC弗吉尼亚烟草烟油,7220-78-2,73.5590330646534,4,8,13-Cyclotetradecatriene-1,3-diol, 1,5,9-trimethyl-12-(1-methylethyl)-,西柏三烯二醇,,,,97.1571372787541,C20H34O2,161.516391,161.516391
DC弗吉尼亚烟草烟油,463-40-1,72.298119187731,9,12,15-Octadecatrienoic acid, (Z,Z,Z)-,α-亚麻酸,脂肪,3380,92.2953108167516,C18H30O2,161.0156437,161.0156437
DC弗吉尼亚烟草烟油,91258-01-4,21.6514811043166,1H-1,2,3-Triazole, 4-methyl-1-(2-propenyl)- ,#N/A,,,,,88.095731017808,C6H9N3,153.2633434,153.2633434
DC弗吉尼亚烟草烟油,121-32-4,52.5683728540187,3-Ethoxy-4-hydroxy-benzaldehyde ,乙基香兰素,甜的，奶油味，香草，焦糖,2464,99.0050175828497,C9H10O3,146.8962616,146.8962616
DC弗吉尼亚烟草烟油,7220-78-2,71.5631993069458,4,8,13-Cyclotetradecatriene-1,3-diol, 1,5,9-trimethyl-12-(1-methylethyl)-,西柏三烯二醇,,,,93.2986452191101,C20H34O2,131.2304332,131.2304332
DC弗吉尼亚烟草烟油,7220-78-2,72.4175861178116,4,8,13-Cyclotetradecatriene-1,3-diol, 1,5,9-trimethyl-12-(1-methylethyl)-,西柏三烯二醇,,,,92.3753005319852,C20H34O2,108.8957762,108.8957762
DC弗吉尼亚烟草烟油,80-71-7,18.8761726741151,2-Cyclopenten-1-one, 2-hydroxy-3-methyl-,甲基环戊烯醇酮,焦糖，枫树,2700,95.745902011408,C6H8O2,103.964965,103.964965
DC弗吉尼亚烟草烟油,765-70-8,18.8781234706228,1,2-Cyclopentanedione, 3-methyl-,3-甲基-1,2-环戊二酮,甜的，焦糖，枫树，糖，木质,2700,95.1517425282942,C6H8O2,99.04189447,99.04189447
DC弗吉尼亚烟草烟油,141-97-9,17.8526272001772,Ethyl acetoacetate,乙酰乙酸乙酯,新鲜的，果味，青香，苹果，脂肪,2415,98.7953020207393,C6H10O3,95.93060254,95.93060254
DC弗吉尼亚烟草烟油,7220-78-2,71.6910847072984,4,8,13-Cyclotetradecatriene-1,3-diol, 1,5,9-trimethyl-12-(1-methylethyl)-,西柏三烯二醇,,,,85.058757923359,C20H34O2,81.89508775,81.89508775
DC弗吉尼亚烟草烟油,7220-78-2,73.1468739874217,4,8,13-Cyclotetradecatriene-1,3-diol, 1,5,9-trimethyl-12-(1-methylethyl)-,西柏三烯二醇,,,,93.9287537034986,C20H34O2,78.73211431,78.73211431
DC弗吉尼亚烟草烟油,7220-78-2,73.0352879198933,4,8,13-Cyclotetradecatriene-1,3-diol, 1,5,9-trimethyl-12-(1-methylethyl)-,西柏三烯二醇,,,,93.9078743646118,C20H34O2,75.15545576,75.15545576
DC弗吉尼亚烟草烟油,1191-41-9,72.6185901712583,9,12,15-Octadecatrienoic acid, ethyl ester, (Z,Z,Z)-,亚麻酸乙酯,甜的,0,93.5123489794881,C20H34O2,74.11057834,74.11057834
DC弗吉尼亚烟草烟油,999340-89-3,67.3468939095241,5,6-Dimethyl-2-hydroxybenzophenone ,#N/A,,,,,86.5328088258349,C15H14O2,73.68921832,73.68921832
DC弗吉尼亚烟草烟油,999005-09-2,28.4025166985342,(1E)-2-methyl-2-propenal oxime ,#N/A,,,,,81.0396690193081,C4H7NO,67.08648231,67.08648231
DC弗吉尼亚烟草烟油,999126-99-7,67.7345720882079,(1R,4R,5S)-2,3,4,5-tetrahydro-1H-indene-1,4,5-triol,#N/A,,,,,85.0515954056075,C9H12O3,63.84040783,63.84040783
DC弗吉尼亚烟草烟油,141-97-9,15.0478223511422,Acetoacetic acid, ethyl ester ,乙酰乙酸乙酯,新鲜的，果味，青香，苹果，脂肪,2415,96.5937671591902,C6H10O3,59.01276114,59.01276114
DC弗吉尼亚烟草烟油,999294-83-0,46.188266583184,Butyl butyryllactate,#N/A,,,,,93.387680164121,C11H20O4,58.30937424,58.30937424
DC弗吉尼亚烟草烟油,544-35-4,72.5410893189269,Linoleic acid ethyl ester,亚油酸乙酯,脂肪，果味，油性,0,86.8321368183742,C20H36O2,57.4986668,57.4986668
DC弗吉尼亚烟草烟油,141-97-9,15.0478189098016,Ethyl acetoacetate,乙酰乙酸乙酯,新鲜的，果味，青香，苹果，脂肪,2415,96.3325925578025,C6H10O3,57.125252,57.125252
DC弗吉尼亚烟草烟油,2420-56-6,72.1991587571552,10E,12Z-Octadecadienoic acid,共轭亚油酸,,0,83.8157663146969,C18H32O2,56.78878203,56.78878203
DC弗吉尼亚烟草烟油,999334-40-8,68.2316841487933,(E)-2-Fluoro-3,3'-dimethoxyprop-2-enanilide ,#N/A,,,,,88.988307565345,C11H12FNO3,54.12869496,54.12869496
DC弗吉尼亚烟草烟油,118-71-8,29.4937725397427,Maltol,麦芽酚,甜的，焦糖，棉花，糖果，果味，烘烤，面包,2656,97.2544680951352,C6H6O3,48.52999491,48.52999491
DC弗吉尼亚烟草烟油,628-97-7,69.6101374975029,Hexadecanoic acid, ethyl ester,棕榈酸乙酯,蜡质，果味，奶油味，牛奶，油性,2451,93.2819794890095,C18H36O2,46.51876832,46.51876832
DC弗吉尼亚烟草烟油,504-96-1,65.0692143130373,Neophytadiene,新植二烯,,0,96.9030573794645,C20H38,43.7092701,43.7092701
DC弗吉尼亚烟草烟油,1246094-62-1,73.2135789928363,1-(2-Hydroxypropan-2-yl)-3a-methyl-6,10-dimethylidene-2,3,4,5,7,8,9,11,12,12a-decahydro-1H-cyclopenta[11]annulene-5,9-diol,#N/A,,,,,86.4233880630843,C20H34O3,40.49830604,40.49830604
DC弗吉尼亚烟草烟油,706-14-9,52.9652618144162,2(3H)-Furanone, 5-hexyldihydro- ,γ-癸内酯,新鲜的，油性，桃子，椰子，甜的,2360,98.1373907430658,C10H18O2,37.84873977,37.84873977
DC弗吉尼亚烟草烟油,7220-78-2,73.3280342172314,4,8,13-Cyclotetradecatriene-1,3-diol, 1,5,9-trimethyl-12-(1-methylethyl)-,西柏三烯二醇,,,,89.049206577091,C20H34O2,36.9438243,36.9438243
DC弗吉尼亚烟草烟油,999380-40-9,27.6053307795461,2-[dimethyl(phenyl)silyl]-4-methyl-1-pentanol ,#N/A,,,,,87.208423041236,C14H24OSi,36.57060492,36.57060492
DC弗吉尼亚烟草烟油,7220-78-2,71.4760595014389,4,8,13-Cyclotetradecatriene-1,3-diol, 1,5,9-trimethyl-12-(1-methylethyl)-,西柏三烯二醇,,,,85.889895697428,C20H34O2,34.67920757,34.67920757
DC弗吉尼亚烟草烟油,19617-90-4,18.8883397730706,1,2,4,5-Tetrazine-3,6-diamine,#N/A,,,,,90.0592025429972,C2H4N6,33.5365591,33.5365591
DC弗吉尼亚烟草烟油,999567-90-2,67.7432488201689,9-(tert-Butyl-D9)fluorene-9-carboxylic acid methyl ester,#N/A,,,,,81.7347223961158,C19H11D9O2,33.46184046,33.46184046
DC弗吉尼亚烟草烟油,1083197-50-5,71.1014748753521,2,6,10-Dodecatriene-1,12-diol, 6-(hydroxymethyl)-10-methyl-2-(4-methyl-3-penten-1-yl)-, 1-acetate,#N/A,,,,,85.1811295409266,C22H36O4,31.70565106,31.70565106
DC弗吉尼亚烟草烟油,1486443-17-7,71.1015100562824,Boscartol F,#N/A,,,,,86.361115419959,C20H28O2,30.03273438,30.03273438
DC弗吉尼亚烟草烟油,34318-21-3,59.8519652594228,2-Cyclohexen-1-one, 4-(3-hydroxy-1-butenyl)-3,5,5-trimethyl-,9-羟基-4,7-巨豆二烯-3-酮,,0,94.890414711844,C13H20O2,29.93868892,29.93868892
DC弗吉尼亚烟草烟油,999078-98-5,46.3394318500629,4-Vinylguaiacol,#N/A,,,,,95.5836132927381,C9H10O2,28.02170526,28.02170526
DC弗吉尼亚烟草烟油,94163-11-8,65.1408735392674,Naphtho[2,3-b]furan-2(4H)-one, 4a,5,6,7,8,8a,9,9a-octahydro-3,8a-dimethyl-5-methylene-,#N/A,,,,,80.374887632649,C15H20O2,26.24309199,26.24309199
DC弗吉尼亚烟草烟油,130446-77-4,33.0518216737676,2-Cyclopenten-1-one, 5-fluoro-3-(1-methylethyl)- ,#N/A,,,,,81.1975909643771,C8H11FO,25.32263033,25.32263033
DC弗吉尼亚烟草烟油,91-10-1,45.7791311691951,Phenol, 2,6-dimethoxy-,2,6-二甲氧基酚/紫丁香醇,烟熏的，酚类，香膏，培根，木质,3137,96.2504193746973,C8H10O3,24.09088236,24.09088236
DC弗吉尼亚烟草烟油,79734-43-3,32.0079813058613,2-Cyclohexen-1-one, 3,5,5-trimethyl-4-(3-oxo-1-butenyl)- ,#N/A,,,,,91.9205378175005,C13H18O2,23.76666386,23.76666386
DC弗吉尼亚烟草烟油,104-67-6,57.3902471501663,2(3H)-Furanone, 5-heptyldihydro-,桃醛,果味，桃子，奶油味，脂肪，杏子，椰子,3091,96.5848137627337,C11H20O2,23.47139594,23.47139594
DC弗吉尼亚烟草烟油,999956-82-0,32.214953494131,{1-[Chloro(p-tolylsulfinyl)methyl]cyclododecyl}acetonitrile,#N/A,,,,,80.5695841436578,C22H32ClNOS,22.82550196,22.82550196
DC弗吉尼亚烟草烟油,21835-01-8,25.9098386883521,2-Cyclopenten-1-one, 3-ethyl-2-hydroxy-,乙基环戊烯醇酮,甜的，焦糖，枫树，胡芦巴,3152,91.5918805138906,C7H10O2,20.21289202,20.21289202
DC弗吉尼亚烟草烟油,21835-01-8,29.894266120381,2-Cyclopenten-1-one, 3-ethyl-2-hydroxy-,乙基环戊烯醇酮,甜的，焦糖，枫树，胡芦巴,3152,96.2061060315187,C7H10O2,20.02220429,20.02220429
DC弗吉尼亚烟草烟油,7220-78-2,74.9700761369378,4,8,13-Cyclotetradecatriene-1,3-diol, 1,5,9-trimethyl-12-(1-methylethyl)-,西柏三烯二醇,,,,88.1656960301885,C20H34O2,19.36928477,19.36928477
DC弗吉尼亚烟草烟油,1192-62-7,15.6389973705581,Ethanone, 1-(2-furanyl)-,2-乙酰基呋喃,甜的，香膏，杏仁，可可，焦糖，咖啡,3163,99.0913226335839,C6H6O2,18.90175276,18.90175276
DC弗吉尼亚烟草烟油,581-50-0,56.1373303595858,2,3'-Dipyridyl,2,3'-联吡啶,,,,93.0294770442873,C10H8N2,18.87995892,18.87995892
DC弗吉尼亚烟草烟油,6638-05-7,51.6418275542357,3,5-Dimethoxy-4-hydroxytoluene,甲基丁香酚,酚类，烟熏的，医药，木质，香料的，丁香，焦糖,3704,88.5810493232012,C9H12O3,17.88794321,17.88794321
DC弗吉尼亚烟草烟油,13494-06-9,25.909838701449,3,4-Dimethyl-1,2-cyclopentadione,3,4-二甲基-1,2-环戊二酮,甜的，枫树，焦糖，糖，胡芦巴，甘草,3268,94.2484423901084,C7H10O2,17.60696213,17.60696213
DC弗吉尼亚烟草烟油,3658-77-3,26.0329394463147,2,5-Dimethyl-4-hydroxy-3(2H)-furanone ,2,5-二甲基-4-羟基-3(2H)-呋喃酮,甜的，棉花，糖果，焦糖，糖,3174,97.4977079105606,C6H8O3,17.55108229,17.55108229
DC弗吉尼亚烟草烟油,1000140-92-3,73.6491041214532,(1S,2E,4S,5R,7E,11E)-Cembra-2,7,11-trien-4,5-diol,#N/A,,,,,80.0817695014924,C20H34O2,17.04334251,17.04334251
DC弗吉尼亚烟草烟油,54716-12-0,71.2929384310974,(2Z,4E)-hexa-2,4-dienal,#N/A,,,,,80.7684909523244,C6H8O,16.07113301,16.07113301
DC弗吉尼亚烟草烟油,999038-69-1,26.0329332011784,2,5-dimethyltetrahydrofuran-3,4-dione,#N/A,,,,,96.3243717800386,C6H8O3,15.73411956,15.73411956
DC弗吉尼亚烟草烟油,133625-42-0,32.1915380156182,1-(methoxymethyl)pyrimidine-2,4-dione ,#N/A,,,,,84.5960990322993,C6H8N2O3,15.58367083,15.58367083
DC弗吉尼亚烟草烟油,137719-17-6,71.2119104013972,5,11-Dimethyl-1-fluoro-6H-pyrido[4,3-b]carbazole ,#N/A,,,,,82.9435867326863,C17H13FN2,14.93981807,14.93981807
DC弗吉尼亚烟草烟油,33788-00-0,32.9029209640483,6-Undecylamine,6-十一胺,,,,81.0605409246358,C11H25N,14.84732513,14.84732513
DC弗吉尼亚烟草烟油,1083197-50-5,73.8383050443426,2,6,10-Dodecatriene-1,12-diol, 6-(hydroxymethyl)-10-methyl-2-(4-methyl-3-penten-1-yl)-, 1-acetate,#N/A,,,,,84.3225635233122,C22H36O4,14.2252578,14.2252578
DC弗吉尼亚烟草烟油,20665-85-4,60.3196511668436,Propanoic acid, 2-methyl-, 4-formyl-2-methoxyphenyl ester,异丁酸香兰素酯,甜的，香草，奶油味，果味，焦糖，巧克力,3754,93.4948227932595,C12H14O4,13.79881628,13.79881628
DC弗吉尼亚烟草烟油,150-86-7,71.8550396751743,Phytol,植物醇,花的，香膏，蜡质,4196,82.5369331546588,C20H40O,13.60316824,13.60316824
DC弗吉尼亚烟草烟油,91-22-5,42.5562170113589,Quinoline ,喹啉,药草，霉味，烟草，橡胶的，泥土的,3470,91.1239835736482,C9H7N,13.4249419,13.4249419
DC弗吉尼亚烟草烟油,130446-77-4,33.2415843077758,2-Cyclopenten-1-one, 5-fluoro-3-(1-methylethyl)- ,#N/A,,,,,81.8907555007346,C8H11FO,13.13760585,13.13760585
DC弗吉尼亚烟草烟油,1379770-10-1,70.9882144352452,16-Heptadecyn-4-one, 1,2-dihydroxy-,#N/A,,,,,80.9313373063077,C17H30O3,12.0511584,12.0511584
DC弗吉尼亚烟草烟油,79-77-6,53.6524590706767,trans-.beta.-Ionone,Beta-紫罗酮,花的，木质，鸢尾草，浆果,2595,90.8738669737629,C13H20O,11.74305295,11.74305295
DC弗吉尼亚烟草烟油,84-69-5,65.7180973194063,1,2-Benzenedicarboxylic acid, bis(2-methylpropyl) ester ,邻苯二甲酸二异丁酯,,0,95.5293482792511,C16H22O4,11.65725483,11.65725483
DC弗吉尼亚烟草烟油,544-63-8,63.0583353204652,Tetradecanoic acid,十四酸,蜡质，脂肪，肥皂，椰子,2764,89.8396534069833,C14H28O2,11.45350953,11.45350953
DC弗吉尼亚烟草烟油,1214984-94-7,74.2242170475668,(1R,4aR,5S)-5-[(E)-5-Hydroxy-3-methylpent-3-enyl]-1,4a-dimethyl-6-methylidene-3,4,5,7,8,8a-hexahydro-2H-naphthalene-1-carbaldehyde,#N/A,,,,,81.4336505151597,C20H32O2,10.96958012,10.96958012
DC弗吉尼亚烟草烟油,16630-20-9,42.4730115452298,3-Penten-1-amine, N,N-diethyl- ,#N/A,,,,,93.0323292977084,C9H19N,10.96260791,10.96260791
DC弗吉尼亚烟草烟油,1000373-94-5,74.3241998671177,1,1,6-trimethyl-3-methylene-2-(3,6,9,13-tetramethyl-6-ethenye-10,14-dimethylene-pentadec-4-enyl)cyclohexane,#N/A,,,,,84.9848500308188,C33H56,10.9025602,10.9025602
DC弗吉尼亚烟草烟油,17092-92-1,55.9232370545855,2(4H)-Benzofuranone, 5,6,7,7a-tetrahydro-4,4,7a-trimethyl-, (R)-,二氢猕猴桃内酯,,0,88.9545222057592,C11H16O2,10.69399868,10.69399868
DC弗吉尼亚烟草烟油,999704-09-4,49.7922450873513,Cyclohexenylmethyl(4-bromo-phenyl) sulfone ,#N/A,,,,,82.0876812757249,C13H15BrO2S,10.60623249,10.60623249
DC弗吉尼亚烟草烟油,1117-52-8,67.1737551479008,5,9,13-Pentadecatrien-2-one, 6,10,14-trimethyl-, (E,E)-,法尼基丙酮,,0,85.4718499567352,C18H30O,10.55970615,10.55970615
DC弗吉尼亚烟草烟油,999818-41-8,69.9514498907084,(2-Hydroxy-2-adamantyl)methyl adamantanecarboxylate,#N/A,,,,,81.9117354443562,C22H32O3,10.37629708,10.37629708
DC弗吉尼亚烟草烟油,0-00-0,32.6758687944122,Propylene glycol trimer 6,#N/A,,,,,87.939244500844,C9H18O3,9.999796347,9.999796347
DC弗吉尼亚烟草烟油,1072-83-9,26.4363206728064,Ethanone, 1-(1H-pyrrol-2-yl)- ,2-乙酰吡咯,霉味，坚果，樱桃，香豆素，胡桃，面包,3202,99.1881868728408,C6H7NO,9.683411437,9.683411437
DC弗吉尼亚烟草烟油,57988-82-6,69.8359765952959,Bicyclo[3.1.1]hept-2-ene, 2,2'-(1,2-ethanediyl)bis[6,6-dimethyl- ,#N/A,,,,,84.5877807506194,C20H30,9.403739251,9.403739251
DC弗吉尼亚烟草烟油,999340-89-3,69.9579397436493,5,6-Dimethyl-2-hydroxybenzophenone ,#N/A,,,,,86.8132392497983,C15H14O2,8.891590922,8.891590922
DC弗吉尼亚烟草烟油,23726-93-4,47.9915018379858,2-Buten-1-one, 1-(2,6,6-trimethyl-1,3-cyclohexadien-1-yl)-, (E)-,大马士酮,苹果，玫瑰，蜂蜜，烟草，甜的,0,94.4414071953614,C13H18O,8.670438922,8.670438922
DC弗吉尼亚烟草烟油,0-00-0,69.9579589544036,3-Cyano-2-hydroxy-1-methyl-5-phenylpyrazole-4-carboxaldehyde,#N/A,,,,,87.590254177915,C13H10N2O2,8.476167305,8.476167305
DC弗吉尼亚烟草烟油,93-51-6,34.9042491806295,Creosol ,2-甲氧基-4-甲基苯酚,香料的，丁香，香草，酚类，皮革，木质，烟熏的，烧焦的,2671,92.6574721634117,C8H10O2,8.435937059,8.435937059
DC弗吉尼亚烟草烟油,991001-45-6,68.5170597834033,1-(Benzyloxy)-2-fluoro-2-phenyl-3-(p-toluenesulsulfonyloxy)propane,#N/A,,,,,91.9500858986381,C23H23FO4S,7.942007088,7.942007088
DC弗吉尼亚烟草烟油,999013-66-2,7.31141898557215,Ethyl propionate,#N/A,,,,,99.3014976391921,C5H10O2,7.906796091,7.906796091
DC弗吉尼亚烟草烟油,999428-12-0,65.8225927084463,3-diethoxyphosphorylprop-1-ynyl(trimethyl)silane,#N/A,,,,,92.7167780262877,C10H21O3PSi,7.821311396,7.821311396
DC弗吉尼亚烟草烟油,36151-02-7,61.608513489999,2-Cyclohexen-1-one, 4-(3-hydroxybutyl)-3,5,5-trimethyl- ,#N/A,0,0,92.3814247282217,C13H22O2,7.636381103,7.636381103
DC弗吉尼亚烟草烟油,102-20-5,67.4905213768964,Benzeneacetic acid, 2-phenylethyl ester ,苯乙酸苯乙酯,花的，甜的，玫瑰，蜂蜜，香膏,2866,90.1810477555528,C16H16O2,7.377505194,7.377505194
DC弗吉尼亚烟草烟油,107-92-6,17.8576535001903,Butanoic acid ,正丁酸,芝士，黄油，果味,2221,81.7086318827767,C4H8O2,7.326345611,7.326345611
DC弗吉尼亚烟草烟油,999243-48-0,55.331577302913,Pyrido[2,1-a]isoindolium Chloride ,#N/A,,,,,91.2360656302706,C12H10ClN,7.307992159,7.307992159
DC弗吉尼亚烟草烟油,999218-70-4,58.5249702457442,2,6-Dimethoxy-4-propyl-phenol,#N/A,,,,,85.3157955822081,C11H16O3,7.292263891,7.292263891
DC弗吉尼亚烟草烟油,999256-40-7,67.5559331360892,2,3-Bis-endo-diacetyl-7-anti-formylnorbornene ,#N/A,,,,,89.0365339277137,C12H14O3,7.26220279,7.26220279
DC弗吉尼亚烟草烟油,19424-29-4,32.6758644676224,2,3-Dimethyl-2,3-butanediol cyclic carbonate ,#N/A,,,,,84.7015491693123,C7H12O3,7.182081993,7.182081993
DC弗吉尼亚烟草烟油,87345-52-6,58.5249701658922,Homosyringaldehyde,#N/A,,,,,86.451731673771,C10H12O4,7.174330359,7.174330359
DC弗吉尼亚烟草烟油,106-44-5,29.0270171563691,p-Cresol ,对甲酚,酚类，水仙花，动物，含羞草,2337,94.661102966311,C7H8O,7.148821886,7.148821886
DC弗吉尼亚烟草烟油,102488-09-5,58.8671469131615,3-Hydroxy-.beta.-damascone,4-羟基-β-二氢大马酮,,,,89.8075744330713,C13H20O2,7.103828943,7.103828943
DC弗吉尼亚烟草烟油,117-81-7,76.2591081818044,1,2-Benzenedicarboxylic acid, 1,2-bis(2-ethylhexyl) ester ,邻苯二甲酸二辛酯,,,,96.7391776195448,C24H38O4,7.076320755,7.076320755
DC弗吉尼亚烟草烟油,14496-35-6,20.7783938519275,N-(5-Methylfurfuryl)dimethylamine,N,N,5-三甲基糠胺,,,,92.88527638,C8H13NO,7.071795077,7.071795077
DC弗吉尼亚烟草烟油,532-12-7,51.1917769052866,Pyridine, 3-(3,4-dihydro-2H-pyrrol-5-yl)-,麦斯明,,,,93.3922267688089,C9H10N2,6.70563563,6.70563563
DC弗吉尼亚烟草烟油,999140-39-0,67.5061919777527,Nonanoic acid-methylester ,#N/A,,,,,82.1556894456036,C10H20O2,6.398866104,6.398866104
DC弗吉尼亚烟草烟油,999081-37-6,46.3537570853807,(2S)-2-hydroxy-2-phenyl-acetamide ,#N/A,,,,,96.8358251219153,C8H9NO2,6.397192472,6.397192472
DC弗吉尼亚烟草烟油,106-70-7,67.5061918045674,Hexanoic acid methyl ester ,己酸甲酯,果味，菠萝，杏子，香蕉,2708,90.2456860587597,C7H14O2,6.392666186,6.392666186
DC弗吉尼亚烟草烟油,54878-25-0,64.4649606636522,Solavetivone,#N/A,,,,,83.0401360070398,C15H22O,6.365607707,6.365607707
DC弗吉尼亚烟草烟油,462-95-3,32.2979490188432,Ethane, 1,1'-[methylenebis(oxy)]bis- ,#N/A,,,,,90.2438336893611,C5H12O2,6.319477844,6.319477844
DC弗吉尼亚烟草烟油,999033-12-1,27.72039478,Guaiacol,#N/A,,,,,95.1944290742102,C7H8O2,5.965234543,5.965234543
DC弗吉尼亚烟草烟油,932-66-1,27.7203961197644,Ethanone, 1-(1-cyclohexen-1-yl)- ,1-乙酰基-1-环己烯,,,,92.9424459319068,C8H12O,5.91307397,5.91307397
DC弗吉尼亚烟草烟油,120-51-4,63.5059823001987,Benzoic acid, phenylmethyl ester ,苯甲酸苄酯,甜的，香膏，油性，草药,2138,95.5262241241521,C14H12O2,5.905724931,5.905724931
DC弗吉尼亚烟草烟油,556-67-2,20.1070040871034,Cyclotetrasiloxane, octamethyl- ,八甲基环四硅氧烷,,,,87.1320574154449,C8H24O4Si4,5.90288829,5.90288829
DC弗吉尼亚烟草烟油,999099-55-0,48.8380812694768,3-Butyl-5H-1,2,4-oxadiazxol-5-thione,#N/A,,,,,89.2809157133917,C6H10N2OS,5.888319371,5.888319371
DC弗吉尼亚烟草烟油,0-00-0,33.6666333854392,Propylene glycol trimer 5,#N/A,,,,,93.0716936882089,C9H18O3,5.798782225,5.798782225
DC弗吉尼亚烟草烟油,60-12-8,29.8054659526739,Phenylethyl Alcohol,苯乙醇,花的，玫瑰,2858,92.4537614635962,C8H10O,5.654486543,5.654486543
DC弗吉尼亚烟草烟油,999488-63-7,71.2514489224731,Ethyl-5-(2-methoxyphenyl) 3-oxo-2,3-dihydro-1H-pyrazol-4-carboxylate ,#N/A,,,,,94.6399264290891,C13H14N2O4,5.61199376,5.61199376
DC弗吉尼亚烟草烟油,462-95-3,32.5842213318893,Ethane, 1,1'-[methylenebis(oxy)]bis- ,#N/A,,,,,91.873172396638,C5H12O2,5.596286673,5.596286673
DC弗吉尼亚烟草烟油,999361-60-5,55.8727768280413,bis[(4R)-2,2-dimethyl-1,3-dioxolan-4-yl]methanol,#N/A,,,,,80.9407626916158,C11H20O5,5.550278562,5.550278562
DC弗吉尼亚烟草烟油,21834-92-4,53.8668896126142,5-Methyl-2-phenyl-2-hexenal,可卡醛,可可，坚果，青香，巧克力，果味,3199,91.5857717398022,C13H16O,5.530872305,5.530872305
DC弗吉尼亚烟草烟油,124-06-1,63.9176609273407,Tetradecanoic acid, ethyl ester,十四酸乙酯,甜的，蜡质，紫罗兰，鸢尾草,2445,86.7444818637961,C16H32O2,5.039940261,5.039940261
DC弗吉尼亚烟草烟油,103-26-4,48.3004889333812,2-Propenoic acid, 3-phenyl-, methyl ester ,肉桂酸甲酯,甜的，香膏，樱桃，肉桂,2698,96.0227831211085,C10H10O2,4.890829718,4.890829718
DC弗吉尼亚烟草烟油,999034-74-2,50.4040163505755,(1R,8R)-1-(Monodeutereomethyl)hexahydro-1H-pyrrolizine,#N/A,,,,,82.1933817929645,C8H14DN,4.653581673,4.653581673
DC弗吉尼亚烟草烟油,0-00-0,32.2986757027189,5-Methyl-4,7,10-trioxaundecan-2-ol,#N/A,,,,,88.771164415655,C10H22O4,4.618766641,4.